timestamp,temp_h,humidity,pressure,pitch,roll,yaw,mag_x,mag_y,mag_z,accel_x,accel_y,accel_z,gyro_x,gyro_y,gyro_z
2023-05-09 15:55:42.587872,36.787078857421875,31.234111785888672,1011.148681640625,358.6973737489736,126.57399211354979,357.36554758547163,-12.933313369750977,-17.942960739135742,6.164092063903809,0.021820131689310074,-0.04728027433156967,1.0125603675842285,0.000954372575506568,-0.0029525086283683777,-0.0002538040280342102
2023-05-09 15:55:42.792623,36.787078857421875,30.34565544128418,1011.165771484375,358.69394392679317,126.56602811297756,357.3658259156803,-26.378694534301758,-36.77749252319336,12.544960021972656,0.02303236350417137,-0.04607414826750755,1.012073040008545,3.0700117349624634e-05,-0.0024632997810840607,-0.0016297362744808197
2023-05-09 15:55:42.869026,36.768890380859375,29.839818954467773,1011.160888671875,358.68456639722785,126.57586358538238,357.3708849514212,-32.26530838012695,-44.5739860534668,14.610031127929688,0.022062579169869423,-0.04583292081952095,1.0132914781570435,0.00030989106744527817,0.0006070435047149658,-0.0008619166910648346
2023-05-09 15:55:42.948716,36.93255615234375,30.37483787536621,1011.160888671875,358.6849754615261,126.56429324492838,357.37089498326156,-34.24527359008789,-47.737850189208984,15.876277923583984,0.021820131689310074,-0.04583292081952095,1.0140225887298584,0.0009251676965504885,-0.0014805905520915985,-0.000520847737789154
2023-05-09 15:55:43.030363,36.823448181152344,30.8320369720459,1011.1552734375,358.68414004401325,126.55035965902155,357.37116413540355,-35.22989273071289,-49.120765686035156,16.73493003845215,0.023274807259440422,-0.04703905060887337,1.0135352611541748,0.0006084656342864037,-0.0031949207186698914,-0.0032642558217048645
2023-05-09 15:55:43.136241,36.89618682861328,30.990921020507812,1011.15283203125,358.67586121440894,126.53619384668295,357.37188792201215,-35.33085250854492,-49.34291458129883,16.910831451416016,0.02303236350417137,-0.04559169337153435,1.0162159204483032,-0.0005876133218407631,-0.0006271675229072571,-0.0022433362901210785
2023-05-09 15:55:43.237746,36.87800216674805,30.627756118774414,1011.15478515625,358.66928416912504,126.5126296940464,357.3701639395769,-35.22962951660156,-49.616302490234375,16.127782821655273,0.02303236350417137,-0.04728027433156967,1.0130478143692017,-0.0011396827176213264,0.0010453052818775177,0.0016832947731018066
2023-05-09 15:55:43.317434,36.768890380859375,30.572633743286133,1011.15771484375,358.6660402561561,126.4849537675295,357.3650197399149,-35.340641021728516,-49.72798538208008,16.14747428894043,0.022062579169869423,-0.046797823160886765,1.013778805732727,-0.00020369002595543861,-0.0022471025586128235,0.0023185648024082184
2023-05-09 15:55:43.395017,36.84163284301758,29.804149627685547,1011.156982421875,358.66609383045244,126.46756410590265,357.36177411939866,-35.470977783203125,-49.715484619140625,16.10218620300293,0.02303236350417137,-0.04631537199020386,1.0147536993026733,0.0007399134337902069,-0.0009429343044757843,-0.0016866698861122131
2023-05-09 15:55:43.467511,36.84163284301758,30.018157958984375,1011.15283203125,358.66338277896045,126.45472335026304,357.36337345088145,-35.43199920654297,-49.84770965576172,16.253328323364258,0.02303236350417137,-0.04583292081952095,1.0147536993026733,0.00039599090814590454,-0.00022593513131141663,-0.001033887267112732
2023-05-09 15:55:43.556566,36.71434020996094,30.650453567504883,1011.153076171875,358.6659860415296,126.41528583799538,357.3702155928825,-35.202545166015625,-49.82755661010742,16.009706497192383,0.02303236350417137,-0.04559169337153435,1.015241026878357,-0.0008203103207051754,-0.00234796479344368,0.000850234180688858
2023-05-09 15:55:43.634985,36.84163284301758,30.695850372314453,1011.149169921875,358.6634608992491,126.39073813811835,357.3683695208159,-35.50302505493164,-49.610877990722656,16.287940979003906,0.02375970035791397,-0.046797823160886765,1.0135352611541748,-0.0002156500704586506,-0.0001469738781452179,0.0013805441558361053
2023-05-09 15:55:43.709834,36.84163284301758,31.457847595214844,1011.1484375,358.65997355406927,126.39036930790317,357.36830292647153,-35.4162483215332,-49.50979995727539,16.371475219726562,0.02303236350417137,-0.04776272922754288,1.0128040313720703,-0.0010780207812786102,-6.340444087982178e-05,-0.0030807815492153168
2023-05-09 15:55:43.796269,36.750709533691406,29.596628189086914,1011.146484375,358.6598301200967,126.37508334454068,357.3700853924015,-35.40138244628906,-49.34032440185547,15.941298484802246,0.022305024787783623,-0.04631537199020386,1.0118293762207031,-0.0001956205815076828,-0.001495305448770523,-0.00211159884929657
2023-05-09 15:55:43.881389,36.823448181152344,30.8320369720459,1011.143310546875,358.6592017426931,126.3798644769597,357.37330561315173,-35.43498611450195,-49.809242248535156,16.307613372802734,0.02303236350417137,-0.046797823160886765,1.013778805732727,0.001629427308216691,-0.0014615468680858612,-0.00027029961347579956
2023-05-09 15:55:43.961770,36.87800216674805,30.530479431152344,1011.136962890625,358.66099968327035,126.3583357206958,357.3731794680955,-35.409889221191406,-49.725196838378906,16.544288635253906,0.021820131689310074,-0.047521501779556274,1.015241026878357,-0.002056495752185583,-0.00020937621593475342,0.0030808262526988983
2023-05-09 15:55:44.043149,36.91437530517578,30.81258201599121,1011.13427734375,358.6642824429402,126.34746205953715,357.3709980764293,-35.48874282836914,-49.83076477050781,16.467226028442383,0.02375970035791397,-0.04655659571290016,1.0167032480239868,-0.0010908590629696846,-0.000470966100692749,-0.001443430781364441
2023-05-09 15:55:44.124530,36.823448181152344,30.916343688964844,1011.143798828125,358.6627945289182,126.33929315328982,357.36717765280576,-35.594913482666016,-49.97779846191406,16.666894912719727,0.022547468543052673,-0.04703905060887337,1.0142662525177002,-0.0010545938275754452,-0.0004104003310203552,-0.0005819052457809448
2023-05-09 15:55:44.202882,36.87800216674805,30.942283630371094,1011.1474609375,358.6635701822758,126.33564583227303,357.36813494650664,-35.64397430419922,-49.6569709777832,16.253110885620117,0.02424459159374237,-0.04631537199020386,1.013778805732727,0.00014608679339289665,-7.823854684829712e-05,0.0008975937962532043
2023-05-09 15:55:44.280251,36.823448181152344,30.903371810913086,1011.150146484375,358.6627761727848,126.34862319169605,357.37188109182296,-35.80254364013672,-49.638240814208984,16.501007080078125,0.02400214597582817,-0.046797823160886765,1.013778805732727,-0.00021821074187755585,-0.0015550926327705383,-0.0026704631745815277
2023-05-09 15:55:44.360556,36.93255615234375,30.845006942749023,1011.1513671875,358.65989938248373,126.35616372053975,357.37363495633576,-35.750694274902344,-49.414100646972656,16.42906379699707,0.023274807259440422,-0.04631537199020386,1.0132914781570435,-0.00047358591109514236,-0.0014728382229804993,-0.0013892613351345062
2023-05-09 15:55:44.453046,36.91437530517578,30.501296997070312,1011.146728515625,358.6555567695538,126.37810228815383,357.37080597735894,-35.81613540649414,-49.79887390136719,16.601152420043945,0.022789916023612022,-0.04631537199020386,1.0128040313720703,-0.0007779998704791069,0.0015912055969238281,0.0004342086613178253
2023-05-09 15:55:44.535360,36.787078857421875,31.211414337158203,1011.15087890625,358.6634296297893,126.38756893034346,357.37156754345136,-35.91920852661133,-49.75234603881836,16.334964752197266,0.022305024787783623,-0.04631537199020386,1.0128040313720703,0.0016206305008381605,0.0006459802389144897,0.0007203444838523865
2023-05-09 15:55:44.620062,36.805259704589844,30.608301162719727,1011.15087890625,358.6717937300365,126.3966257611829,357.37187148686945,-35.75823211669922,-49.829830169677734,16.57240867614746,0.022789916023612022,-0.04559169337153435,1.0140225887298584,-0.0005185548216104507,-0.001543290913105011,-0.0016544051468372345
2023-05-09 15:55:44.697303,36.87800216674805,31.89234733581543,1011.156005859375,358.67649076575134,126.3986338367989,357.3731171426193,-35.66703796386719,-49.90239334106445,17.28265953063965,0.02303236350417137,-0.04607414826750755,1.0154846906661987,-0.0008643432520329952,-5.997717380523682e-07,-0.0019956380128860474
2023-05-09 15:55:44.782852,36.787078857421875,30.8320369720459,1011.157470703125,358.67844740150514,126.39848357263715,357.37760009459237,-35.58620071411133,-49.8659782409668,16.850746154785156,0.022789916023612022,-0.04535046964883804,1.0145100355148315,-0.0002161734737455845,0.0005999542772769928,-0.0007623694837093353
2023-05-09 15:55:44.857688,36.91437530517578,32.61543655395508,1011.15771484375,358.68239589117564,126.38427677916351,357.37566672417046,-35.42706298828125,-49.821998596191406,17.002216339111328,0.023517252877354622,-0.04655659571290016,1.015241026878357,0.001274595968425274,-0.0021170005202293396,0.0019148476421833038
2023-05-09 15:55:44.953532,36.89618682861328,31.84370994567871,1011.1630859375,358.68216697311675,126.3656713438644,357.3804615169678,-35.2294807434082,-49.91634750366211,16.235044479370117,0.022062579169869423,-0.04559169337153435,1.0142662525177002,9.948387742042542e-06,-0.0008811689913272858,-0.001355580985546112
2023-05-09 15:55:45.049298,36.91437530517578,30.40077781677246,1011.172607421875,358.678768847283,126.33373337930543,357.38313084027277,-35.59736633300781,-49.97823715209961,17.253738403320312,0.022547468543052673,-0.046797823160886765,1.015241026878357,-0.0017922492697834969,-0.0014890246093273163,0.0007803626358509064
2023-05-09 15:55:45.128981,36.750709533691406,30.747730255126953,1011.174560546875,358.6740866458852,126.33533164357121,357.37666030325124,-35.54094314575195,-50.041568756103516,17.174833297729492,0.023517252877354622,-0.04728027433156967,1.015241026878357,-0.0005178917199373245,0.0006310306489467621,-0.0016381070017814636
2023-05-09 15:55:45.212070,36.787078857421875,30.757457733154297,1011.175048828125,358.6778910612529,126.31633005730023,357.3748624693957,-35.49187469482422,-49.86973190307617,16.62116241455078,0.023517252877354622,-0.047521501779556274,1.015241026878357,-0.00018877629190683365,-0.0023583173751831055,0.0007772073149681091
2023-05-09 15:55:45.293375,36.823448181152344,31.091440200805664,1011.165283203125,358.6740216523664,126.31624809503019,357.3733043324913,-35.67647171020508,-49.737789154052734,16.04006004333496,0.022789916023612022,-0.04655659571290016,1.0145100355148315,0.0013101231306791306,0.000774875283241272,-0.00040545687079429626
2023-05-09 15:55:45.379915,36.89618682861328,31.071985244750977,1011.156982421875,358.67669759241716,126.32291435966013,357.3755177406692,-35.683773040771484,-49.64466857910156,16.61440086364746,0.023274807259440422,-0.04655659571290016,1.0132914781570435,0.0015893967356532812,0.0010494403541088104,0.0008219070732593536
2023-05-09 15:55:45.462826,36.85981750488281,30.877431869506836,1011.153564453125,358.67777569508894,126.3317799452028,357.3753294835802,-35.53248596191406,-49.58580780029297,16.80250358581543,0.021577686071395874,-0.04631537199020386,1.0149974822998047,-0.00017754314467310905,0.00017379224300384521,-0.0009794272482395172
2023-05-09 15:55:45.538803,36.91437530517578,30.913101196289062,1011.156005859375,358.6820328239326,126.33832326642768,357.3760223208941,-35.53706359863281,-49.44081115722656,16.9088134765625,0.022789916023612022,-0.04631537199020386,1.0167032480239868,-0.0007908963598310947,0.0007327944040298462,-0.0018503516912460327
2023-05-09 15:55:45.621374,36.87800216674805,30.80609703063965,1011.1484375,358.6902120821854,126.34333662527847,357.3734787157585,-35.54803466796875,-49.51346206665039,16.61627197265625,0.022789916023612022,-0.04703905060887337,1.0159721374511719,0.000732161570340395,-0.0014011040329933167,0.002074994146823883
2023-05-09 15:55:45.696598,36.84163284301758,30.653696060180664,1011.150634765625,358.6911337308365,126.35345896562842,357.37332631716265,-35.58126449584961,-49.517578125,16.51810073852539,0.02303236350417137,-0.04631537199020386,1.0140225887298584,0.0016349467914551497,-0.0010642297565937042,-0.0011300668120384216
2023-05-09 15:55:45.778015,36.87800216674805,30.74124526977539,1011.1484375,358.6937414757173,126.35840402258751,357.37559500718413,-35.57671356201172,-49.697208404541016,16.985050201416016,0.023517252877354622,-0.04607414826750755,1.0149974822998047,-0.0002491241320967674,-0.0007585138082504272,-0.0014605075120925903
2023-05-09 15:55:45.859675,36.805259704589844,30.601816177368164,1011.139892578125,358.6941424291659,126.35773466404885,357.3782871689342,-35.54169845581055,-49.8020133972168,17.205507278442383,0.02303236350417137,-0.04607414826750755,1.0142662525177002,-0.0011681774631142616,-0.0007730573415756226,-0.0020894259214401245
2023-05-09 15:55:45.953826,36.85981750488281,30.0538272857666,1011.139892578125,358.69172123382685,126.3513006258507,357.3753924493866,-35.378936767578125,-49.814998626708984,16.963144302368164,0.02303236350417137,-0.04728027433156967,1.0118293762207031,-0.0017169294878840446,0.0013741590082645416,-0.0017363615334033966
2023-05-09 15:55:46.027720,36.84163284301758,30.750972747802734,1011.139892578125,358.6967109004589,126.3397302853967,357.3698917992272,-35.481483459472656,-49.56505584716797,16.859264373779297,0.022305024787783623,-0.04655659571290016,1.01134192943573,0.0016138700302690268,-0.0010883696377277374,0.00040932372212409973
2023-05-09 15:55:46.124282,36.787078857421875,30.121919631958008,1011.1435546875,358.6964549818085,126.34456605932907,357.37227041260564,-35.53783416748047,-49.53679656982422,16.333614349365234,0.023517252877354622,-0.04776272922754288,1.0110981464385986,-0.0017112679779529572,-0.00047093629837036133,0.00039359554648399353
2023-05-09 15:55:46.210507,36.95074462890625,31.610246658325195,1011.138916015625,358.7062902407699,126.34895104077621,357.369518273257,-35.73686218261719,-49.68500518798828,16.376205444335938,0.02400214597582817,-0.04607414826750755,1.0108546018600464,-0.001423281617462635,0.0004172585904598236,0.0025743581354618073
2023-05-09 15:55:46.298796,36.91437530517578,31.59403419494629,1011.137451171875,358.70706130509416,126.35804885275067,357.3695522107594,-35.55141830444336,-49.4613151550293,16.723066329956055,0.022062579169869423,-0.04607414826750755,1.0125603675842285,-0.00017353473231196404,-0.00016493350267410278,0.0016983337700366974
2023-05-09 15:55:46.378239,36.93255615234375,30.021400451660156,1011.133056640625,358.7026396113802,126.35746145648206,357.37087449269404,-35.39460754394531,-49.70741653442383,16.532527923583984,0.02472948282957077,-0.046797823160886765,1.015241026878357,-0.0004772646352648735,0.0016329549252986908,0.0031183622777462006
2023-05-09 15:55:46.455314,36.823448181152344,30.81258201599121,1011.132568359375,358.6987004064981,126.35285790898146,357.37141877339354,-35.30208206176758,-49.608360290527344,16.640644073486328,0.022547468543052673,-0.04559169337153435,1.0135352611541748,-0.0014212345704436302,-0.0005078800022602081,0.0006710328161716461
2023-05-09 15:55:46.526143,36.89618682861328,30.112192153930664,1011.13037109375,358.7009686696328,126.34238039879466,357.3761352324588,-35.4535026550293,-49.5528678894043,16.425857543945312,0.023517252877354622,-0.04728027433156967,1.0142662525177002,-0.00021973485127091408,-0.001955389976501465,0.0012722276151180267
2023-05-09 15:55:46.606992,36.89618682861328,30.673152923583984,1011.136474609375,358.6936905694636,126.34520809711105,357.3735841568038,-35.3821907043457,-49.74869155883789,16.10211944580078,0.02400214597582817,-0.04703905060887337,1.0125603675842285,0.00011027371510863304,0.00024005770683288574,0.0009134300053119659
2023-05-09 15:55:46.678184,36.87800216674805,30.637483596801758,1011.141845703125,358.6942047546421,126.3247858314927,357.3710674455381,-35.29682540893555,-49.66345977783203,16.0899658203125,0.023517252877354622,-0.04631537199020386,1.0130478143692017,0.0006787450984120369,-0.0016170106828212738,0.00033185631036758423
2023-05-09 15:55:46.757930,36.89618682861328,31.07847023010254,1011.133544921875,358.6955081468348,126.3180922461061,357.3736244976086,-35.46659469604492,-49.55936813354492,16.163461685180664,0.02400214597582817,-0.04631537199020386,1.0110981464385986,8.344929665327072e-05,-0.0012443587183952332,-0.004129622131586075
2023-05-09 15:55:46.831988,36.91437530517578,28.77950668334961,1011.139892578125,358.68594204001533,126.30997798137213,357.37360486081474,-35.630191802978516,-49.64838409423828,15.938671112060547,0.022789916023612022,-0.04703905060887337,1.0132914781570435,0.002440418116748333,0.0014995262026786804,-0.0010693222284317017
2023-05-09 15:55:46.918900,36.732521057128906,30.773670196533203,1011.1298828125,358.68865704021044,126.31635737805692,357.37925961711727,-35.612884521484375,-49.58419418334961,16.618728637695312,0.02472948282957077,-0.046797823160886765,1.0132914781570435,0.0020490328315645456,0.0021258965134620667,-0.000734083354473114
2023-05-09 15:55:46.998983,36.84163284301758,31.697795867919922,1011.124267578125,358.6879432854422,126.32701247316213,357.3829626468645,-35.528690338134766,-49.870361328125,16.936037063598633,0.023517252877354622,-0.04655659571290016,1.0123167037963867,0.0014133697841316462,-0.00022171437740325928,0.0007361285388469696
2023-05-09 15:55:47.083743,36.95074462890625,31.03307342529297,1011.126953125,358.6860981738709,126.31343405709215,357.3825709782043,-35.35620880126953,-49.851463317871094,17.406774520874023,0.022547468543052673,-0.04631537199020386,1.0140225887298584,0.0005291667766869068,0.002160303294658661,-0.0013597197830677032
2023-05-09 15:55:47.167493,36.805259704589844,29.573930740356445,1011.125244140625,358.6966210407827,126.29913164097015,357.38311525890373,-35.56875228881836,-49.94969177246094,17.131681442260742,0.023274807259440422,-0.04703905060887337,1.0135352611541748,-0.0021878592669963837,-0.0003085881471633911,-0.0007000155746936798
2023-05-09 15:55:47.252864,36.71434020996094,30.877431869506836,1011.119873046875,358.69545563975555,126.28839458359488,357.38183225055684,-35.60033416748047,-49.91154479980469,16.926586151123047,0.023274807259440422,-0.04559169337153435,1.0142662525177002,0.001444835215806961,0.00151839479804039,-0.001550145447254181
2023-05-09 15:55:47.332205,36.787078857421875,31.69455337524414,1011.12353515625,358.69471573816935,126.28895465910682,357.3842627306843,-35.29681396484375,-49.7977409362793,16.99254035949707,0.02375970035791397,-0.04631537199020386,1.0128040313720703,0.0005137431435286999,-0.0012501031160354614,0.0002944730222225189
2023-05-09 15:55:47.415579,36.787078857421875,30.653696060180664,1011.115966796875,358.6972509122902,126.27032190305103,357.3814062175074,-35.27029800415039,-49.740047454833984,16.625385284423828,0.023517252877354622,-0.04583292081952095,1.0140225887298584,0.0005188426002860069,-0.002137858420610428,-0.00145639106631279
2023-05-09 15:55:47.497989,36.787078857421875,30.167316436767578,1011.10888671875,358.6911719372072,126.25940726075734,357.3832264629212,-35.38344192504883,-49.57353591918945,16.544401168823242,0.022547468543052673,-0.04703905060887337,1.0132914781570435,0.0005148581694811583,-0.00030577555298805237,-0.0008397288620471954
2023-05-09 15:55:47.565265,36.87800216674805,30.750972747802734,1011.10205078125,358.69146318074223,126.25114273186163,357.38677303864773,-35.21550369262695,-49.6296501159668,16.632600784301758,0.02303236350417137,-0.046797823160886765,1.0145100355148315,0.00039665750227868557,-0.0006161406636238098,0.0016429461538791656
2023-05-09 15:55:47.643057,36.84163284301758,30.828794479370117,1011.10986328125,358.69608273649874,126.24634793906428,357.3930491287213,-35.191036224365234,-49.42008972167969,16.700641632080078,0.021577686071395874,-0.04655659571290016,1.0132914781570435,-0.0011804683599621058,2.905726432800293e-07,-0.0029096826910972595
2023-05-09 15:55:47.723131,36.805259704589844,31.05577278137207,1011.107421875,358.6970509158136,126.25142959980677,357.392778269032,-35.5255012512207,-49.70204162597656,16.437164306640625,0.02303236350417137,-0.04728027433156967,1.0132914781570435,0.0006586713716387749,0.0018167831003665924,0.0003912225365638733
2023-05-09 15:55:47.800695,36.768890380859375,30.916343688964844,1011.114501953125,358.6963910555067,126.25308250558592,357.38626589710185,-35.48563003540039,-49.97372055053711,16.79910659790039,0.022305024787783623,-0.04728027433156967,1.0132914781570435,-0.0004921650979667902,-0.0011867806315422058,0.0010157190263271332
2023-05-09 15:55:47.879735,36.787078857421875,31.37678337097168,1011.115478515625,358.6970647896353,126.24163510853697,357.3842285797385,-35.39210891723633,-49.969058990478516,17.141773223876953,0.023274807259440422,-0.04655659571290016,1.01134192943573,-0.0004495619796216488,3.291293978691101e-05,-0.0008180923759937286
2023-05-09 15:55:47.951694,36.87800216674805,30.4169921875,1011.112060546875,358.69915717539885,126.23063850397325,357.38224931898304,-35.55495071411133,-50.168174743652344,17.146526336669922,0.02375970035791397,-0.04703905060887337,1.0132914781570435,0.0007269356865435839,-0.0023707114160060883,-0.0007491633296012878
2023-05-09 15:55:48.033910,36.805259704589844,30.407264709472656,1011.123779296875,358.69484305716435,126.21428703110024,357.38056098159757,-35.413761138916016,-50.02037811279297,17.405044555664062,0.022789916023612022,-0.04655659571290016,1.0118293762207031,0.0016003733035176992,0.0015347376465797424,0.00015567243099212646
2023-05-09 15:55:48.112433,36.69615173339844,31.457847595214844,1011.12646484375,358.6986261281909,126.211063181812,357.3827043803365,-36.248905181884766,-50.0816535949707,17.852148056030273,0.023274807259440422,-0.04776272922754288,1.0145100355148315,-0.0011329585686326027,-0.00033342838287353516,0.0004459396004676819
2023-05-09 15:55:48.196752,36.750709533691406,30.815824508666992,1011.139892578125,358.70324173524426,126.24062424053982,357.3720313559847,-35.860069274902344,-50.01445770263672,17.378034591674805,0.023517252877354622,-0.04607414826750755,1.0135352611541748,0.0013378991279751062,-0.0009764321148395538,-0.001335296779870987
2023-05-09 15:55:48.273242,36.750709533691406,30.86446189880371,1011.14794921875,358.7008722999325,126.2428372218309,357.3757559435165,-35.667484283447266,-49.945701599121094,17.20686912536621,0.023274807259440422,-0.04655659571290016,1.01134192943573,0.00035922531969845295,-0.0018679946660995483,-0.0003816075623035431
2023-05-09 15:55:48.359525,36.85981750488281,31.285991668701172,1011.149169921875,358.70520850956007,126.24334265582948,357.376769586278,-35.55482482910156,-49.98312759399414,17.916418075561523,0.02448703721165657,-0.04655659571290016,1.0130478143692017,-0.0017472398467361927,-0.0003973059356212616,-0.0036504603922367096
2023-05-09 15:55:48.454199,36.85981750488281,30.68936538696289,1011.1455078125,358.7031941373635,126.2382336743303,357.37703916530677,-35.21231460571289,-49.85405731201172,17.29169464111328,0.02424459159374237,-0.047521501779556274,1.0130478143692017,0.00035036890767514706,0.0017508529126644135,0.0009089410305023193
2023-05-09 15:55:48.548956,36.750709533691406,30.49481201171875,1011.157470703125,358.70257589852184,126.23541963639227,357.379689919035,-35.342994689941406,-49.53326416015625,17.214527130126953,0.022789916023612022,-0.04559169337153435,1.0128040313720703,-0.0003376293461769819,0.0031914934515953064,-0.0018384456634521484
2023-05-09 15:55:48.633770,36.87800216674805,27.887807846069336,1011.1513671875,358.70503391284944,126.23659442892951,357.38317054074736,-35.46714401245117,-49.537296295166016,17.221288681030273,0.022547468543052673,-0.046797823160886765,1.0130478143692017,0.0017416817136108875,-0.0016491450369358063,0.002102009952068329
2023-05-09 15:55:48.719242,36.787078857421875,30.177043914794922,1011.156494140625,358.7015441130704,126.2605137514029,357.3847182189246,-35.814544677734375,-49.36879348754883,17.15770149230957,0.022547468543052673,-0.04559169337153435,1.0132914781570435,-0.0013113035820424557,0.0008660629391670227,0.0017288587987422943
2023-05-09 15:55:48.795799,36.87800216674805,30.66018295288086,1011.165771484375,358.69621026893714,126.31111179277434,357.38536047015,-35.80924606323242,-49.41151428222656,17.24546241760254,0.023274807259440422,-0.04655659571290016,1.0130478143692017,0.00020246324129402637,-0.0006824471056461334,-0.00039168447256088257
2023-05-09 15:55:48.869241,36.787078857421875,31.493515014648438,1011.16796875,358.6975268946214,126.36319881538486,357.38509409277236,-36.0626220703125,-49.613460540771484,17.810009002685547,0.02303236350417137,-0.04607414826750755,1.012073040008545,-0.0001503888051956892,-0.0012469738721847534,0.0008203834295272827
2023-05-09 15:55:48.950966,36.91437530517578,30.796369552612305,1011.17431640625,358.6927200422713,126.39117527022523,357.38547423548835,-35.94852066040039,-49.49386215209961,18.07445526123047,0.02375970035791397,-0.04655659571290016,1.0123167037963867,-0.002302429871633649,6.332993507385254e-07,-0.0009956546127796173
2023-05-09 15:55:49.035073,36.71434020996094,30.61478614807129,1011.16845703125,358.6925181248039,126.41945225338908,357.3841570761956,-35.833038330078125,-49.601253509521484,17.65516471862793,0.022305024787783623,-0.046797823160886765,1.0135352611541748,-0.0007644842844456434,0.001441609114408493,-0.0009690858423709869
2023-05-09 15:55:49.107015,36.823448181152344,30.46562957763672,1011.161865234375,358.69847394303844,126.43659602820581,357.38001435302056,-35.956390380859375,-49.849098205566406,17.50708770751953,0.022789916023612022,-0.04655659571290016,1.0132914781570435,-0.000744902528822422,-8.961930871009827e-05,-0.0027968548238277435
2023-05-09 15:55:49.194180,36.768890380859375,30.98767852783203,1011.1650390625,358.6975628598362,126.44972365179058,357.381037814179,-36.00716018676758,-49.67508316040039,16.83363151550293,0.022305024787783623,-0.04703905060887337,1.0103671550750732,-0.001606310484930873,-0.001289907842874527,0.0005308873951435089
2023-05-09 15:55:49.275406,36.805259704589844,30.52399444580078,1011.156982421875,358.7015592675526,126.4768258424172,357.37410410495437,-36.175743103027344,-49.55093002319336,17.059263229370117,0.02400214597582817,-0.04486801475286484,1.01134192943573,-1.3814307749271393e-05,-0.0013340450823307037,0.001136384904384613
2023-05-09 15:55:49.350215,36.823448181152344,31.441635131835938,1011.15478515625,358.69940914534624,126.51693271322351,357.3700809100898,-35.874969482421875,-49.3530387878418,17.60570526123047,0.023274807259440422,-0.04655659571290016,1.012073040008545,0.0002775536850094795,-0.0003900304436683655,-0.0018809624016284943
2023-05-09 15:55:49.438291,36.805259704589844,31.759403228759766,1011.151611328125,358.69949484287594,126.53671294105986,357.37751535755797,-36.067325592041016,-49.48076629638672,17.031551361083984,0.022547468543052673,-0.04655659571290016,1.0140225887298584,0.0005603318568319082,-0.00036900490522384644,0.001431480050086975
2023-05-09 15:55:49.531087,36.85981750488281,30.07652473449707,1011.14794921875,358.7001979254737,126.55846026337719,357.37382598818914,-35.766021728515625,-49.67414093017578,17.002004623413086,0.022062579169869423,-0.04583292081952095,1.0108546018600464,0.0002328085247427225,-0.0006346888840198517,0.001366831362247467
2023-05-09 15:55:49.614232,36.750709533691406,30.04734230041504,1011.149658203125,358.69809315999225,126.55473098009035,357.37536619584694,-35.6566162109375,-49.75808334350586,16.275644302368164,0.02303236350417137,-0.046797823160886765,1.0118293762207031,0.000877526355907321,0.0005337633192539215,0.0013265199959278107
2023-05-09 15:55:49.699310,36.823448181152344,30.997406005859375,1011.156494140625,358.7014969420764,126.54027829980662,357.3733527841457,-35.60829544067383,-49.62702560424805,17.181785583496094,0.022305024787783623,-0.04703905060887337,1.010610818862915,0.002931941067799926,-0.001593310385942459,-0.0028165020048618317
2023-05-09 15:55:49.772163,36.805259704589844,30.79312515258789,1011.142578125,358.70333266213754,126.54906192307925,357.36846514346433,-36.1506462097168,-49.937007904052734,17.443899154663086,0.022789916023612022,-0.04703905060887337,1.010610818862915,-0.0012319483794271946,0.0011194460093975067,-0.0015303529798984528
2023-05-09 15:55:49.849579,36.787078857421875,30.433204650878906,1011.1572265625,358.70388121170527,126.55429384798347,357.3630872232666,-36.0399055480957,-49.77393341064453,17.09358024597168,0.023274807259440422,-0.04655659571290016,1.0130478143692017,0.0006457283161580563,0.0005501881241798401,-0.000909268856048584
2023-05-09 15:55:49.917983,36.71434020996094,29.648508071899414,1011.15771484375,358.7063010196622,126.56351460336299,357.36150624791713,-35.999969482421875,-49.732398986816406,17.312280654907227,0.022547468543052673,-0.046797823160886765,1.0128040313720703,-0.0017441522795706987,0.0005204342305660248,0.0003162883222103119
2023-05-09 15:55:49.997744,36.768890380859375,28.935150146484375,1011.16064453125,358.706303260818,126.57270803798583,357.35993743884217,-36.17228317260742,-49.8970832824707,16.38882064819336,0.02375970035791397,-0.04583292081952095,1.0125603675842285,0.0007080556824803352,0.0005562193691730499,0.0008760504424571991
2023-05-09 15:55:50.099936,36.87800216674805,30.692607879638672,1011.1611328125,358.7056683733903,126.58580834081391,357.36188489652926,-35.879730224609375,-50.077003479003906,16.945558547973633,0.023274807259440422,-0.04583292081952095,1.0130478143692017,-0.0005896850489079952,0.0004898980259895325,0.0011685490608215332
2023-05-09 15:55:50.187280,36.823448181152344,30.582361221313477,1011.155029296875,358.70548203729203,126.57354132106457,357.3665001834175,-35.77716827392578,-49.669105529785156,16.745113372802734,0.022305024787783623,-0.04583292081952095,1.0103671550750732,0.0006750626489520073,-6.795302033424377e-05,-0.0012910924851894379
2023-05-09 15:55:50.265856,36.805259704589844,30.89040184020996,1011.16162109375,358.70530754730305,126.5637195090381,357.3687878699026,-35.67182922363281,-49.63747787475586,16.836376190185547,0.021820131689310074,-0.04631537199020386,1.0125603675842285,0.0006108751986175776,-0.001323997974395752,0.0026718638837337494
2023-05-09 15:55:50.336310,36.805259704589844,30.89040184020996,1011.1728515625,358.7021071767901,126.57126003788179,357.3748020649102,-35.626338958740234,-49.2266845703125,17.089717864990234,0.02303236350417137,-0.04535046964883804,1.0128040313720703,0.001457091886550188,-0.0004008263349533081,0.0014447420835494995
2023-05-09 15:55:50.426029,36.71434020996094,30.799612045288086,1011.173583984375,358.7074188228085,126.57382818900972,357.37251523219874,-35.69181442260742,-49.20163345336914,17.28757667541504,0.022305024787783623,-0.047521501779556274,1.0125603675842285,-0.0006773483473807573,-0.0013338252902030945,-0.0009880922734737396
2023-05-09 15:55:50.509888,36.768890380859375,30.815824508666992,1011.174072265625,358.7049706268779,126.5967912849993,357.3788267538786,-35.988487243652344,-49.226287841796875,18.06682586669922,0.022789916023612022,-0.047521501779556274,1.0123167037963867,0.0007498669438064098,0.0002103559672832489,0.0005334317684173584
2023-05-09 15:55:50.589145,36.87800216674805,30.630998611450195,1011.174560546875,358.71003841379866,126.6289068344767,357.3768846322768,-35.7446174621582,-49.23258972167969,17.492826461791992,0.02400214597582817,-0.047521501779556274,1.0128040313720703,0.00013426551595330238,0.0010883770883083344,-0.0004023537039756775
2023-05-09 15:55:50.666046,36.750709533691406,30.770427703857422,1011.173095703125,358.7076168982945,126.63620147651027,357.3791836312628,-35.870574951171875,-49.393611907958984,17.08534812927246,0.02424459159374237,-0.04776272922754288,1.0142662525177002,-0.00024448195472359657,0.0022831708192825317,-8.156523108482361e-05
2023-05-09 15:55:50.760866,36.85981750488281,30.676395416259766,1011.172607421875,358.7078167880494,126.64493045826954,357.38081903468213,-35.76715087890625,-49.40823745727539,16.636404037475586,0.021577686071395874,-0.04583292081952095,1.013778805732727,-0.0026602023281157017,0.0022574104368686676,-0.0022036321461200714
2023-05-09 15:55:50.841602,36.84163284301758,30.92931365966797,1011.16845703125,358.70997256650617,126.63274540079024,357.38140024109185,-35.80026626586914,-49.73899459838867,16.337566375732422,0.022789916023612022,-0.04703905060887337,1.0118293762207031,5.3775496780872345e-05,0.0006722062826156616,0.001425381749868393
2023-05-09 15:55:50.927247,36.732521057128906,30.49481201171875,1011.17138671875,358.7111052039696,126.62756811739938,357.38403434623393,-35.97853469848633,-49.63356018066406,16.754310607910156,0.02375970035791397,-0.04703905060887337,1.0123167037963867,-0.003282397985458374,-0.0011247023940086365,0.0005202926695346832
2023-05-09 15:55:51.011335,36.768890380859375,29.64202308654785,1011.1748046875,358.70642065469434,126.63987611828374,357.3815436750644,-36.00558853149414,-49.471126556396484,17.173898696899414,0.022789916023612022,-0.04655659571290016,1.0132914781570435,2.3085856810212135e-05,0.00014492124319076538,0.0016675367951393127
2023-05-09 15:55:51.091602,36.787078857421875,31.273021697998047,1011.1748046875,358.7044864304988,126.64745762826246,357.38213832840904,-35.7018928527832,-49.37053298950195,16.86905288696289,0.021820131689310074,-0.04655659571290016,1.0110981464385986,-0.0002582008019089699,0.00016973912715911865,0.0007555745542049408
2023-05-09 15:55:51.167804,36.805259704589844,31.091440200805664,1011.176025390625,358.70444235443426,126.64599596778007,357.3811018472025,-35.83501052856445,-49.496543884277344,17.134204864501953,0.022789916023612022,-0.04655659571290016,1.013778805732727,-0.001782724168151617,-0.0007274821400642395,0.0004357732832431793
2023-05-09 15:55:51.250246,36.805259704589844,29.428016662597656,1011.171630859375,358.7013932085784,126.65585876094157,357.3819795265108,-35.78607940673828,-49.300296783447266,17.082632064819336,0.02303236350417137,-0.04703905060887337,1.0128040313720703,-0.0017895090859383345,0.0008363351225852966,-0.0007700175046920776
2023-05-09 15:55:51.323855,36.805259704589844,29.98249053955078,1011.17138671875,358.69701548420727,126.6593148366616,357.37536235386557,-35.76629638671875,-49.496707916259766,16.981874465942383,0.023517252877354622,-0.04655659571290016,1.0125603675842285,-0.002017585327848792,-7.455050945281982e-05,0.0004722289741039276
2023-05-09 15:55:51.397884,36.85981750488281,30.267833709716797,1011.17041015625,358.6952901143899,126.66349491243365,357.3761211451937,-35.89649963378906,-49.23796081542969,16.519113540649414,0.022062579169869423,-0.04703905060887337,1.0135352611541748,-0.0008274656720459461,-0.001275487244129181,0.0007507354021072388
2023-05-09 15:55:51.477238,36.823448181152344,30.485084533691406,1011.1669921875,358.6918443906753,126.6870317443135,357.37762528091497,-35.94838333129883,-49.182533264160156,16.532062530517578,0.023517252877354622,-0.04655659571290016,1.0132914781570435,0.0021704663522541523,0.00035899505019187927,0.0010172128677368164
2023-05-09 15:55:51.553940,36.768890380859375,30.202983856201172,1011.16796875,358.6927542999388,126.70007740562824,357.3848435102072,-35.83052444458008,-49.397621154785156,16.80664825439453,0.02303236350417137,-0.04510924220085144,1.0130478143692017,0.0014630877412855625,0.0021375901997089386,0.0006593242287635803
2023-05-09 15:55:51.626206,36.750709533691406,28.769779205322266,1011.160400390625,358.6958830601872,126.70028231130333,357.38313041338597,-35.846107482910156,-49.32597732543945,16.865215301513672,0.02303236350417137,-0.04655659571290016,1.0142662525177002,0.0005746223032474518,0.0011711828410625458,0.0007197335362434387
2023-05-09 15:55:51.706252,36.823448181152344,29.88197135925293,1011.15966796875,358.69792165821104,126.70812336847051,357.3828170784578,-35.870784759521484,-49.389488220214844,16.853282928466797,0.022547468543052673,-0.04607414826750755,1.013778805732727,0.0002520487178117037,0.0014584697782993317,-0.0001483522355556488
2023-05-09 15:55:51.787577,36.768890380859375,29.995460510253906,1011.161376953125,358.7019524303167,126.71858721827897,357.38747291959425,-35.961334228515625,-49.34626388549805,17.108747482299805,0.02448703721165657,-0.04703905060887337,1.013778805732727,-0.0010148771107196808,0.001752994954586029,-0.0016849525272846222
2023-05-09 15:55:51.863193,36.89618682861328,30.896886825561523,1011.164306640625,358.6976608303621,126.72917401149249,357.38775807999207,-36.02528381347656,-49.34164047241211,17.18332862854004,0.021820131689310074,-0.04583292081952095,1.012073040008545,0.00021869619376957417,0.00027983635663986206,-0.002895727753639221
2023-05-09 15:55:51.945770,36.787078857421875,31.91180419921875,1011.17041015625,358.69650439395826,126.7342283514783,357.3820525241576,-35.88454818725586,-49.28282928466797,16.978918075561523,0.02400214597582817,-0.04776272922754288,1.010610818862915,-0.0018190022092312574,0.00024618208408355713,-0.0004228763282299042
2023-05-09 15:55:52.019469,36.787078857421875,30.89040184020996,1011.177001953125,358.6945318566703,126.74566208814889,357.3716104455771,-35.88832092285156,-49.32099151611328,16.947694778442383,0.02424459159374237,-0.046797823160886765,1.0123167037963867,0.0016178260557353497,0.0002445131540298462,-0.0009956732392311096
2023-05-09 15:55:52.095097,36.823448181152344,30.945526123046875,1011.185546875,358.696833843864,126.74051212551471,357.37210968971675,-35.55142593383789,-49.49554443359375,17.166120529174805,0.022547468543052673,-0.04631537199020386,1.0128040313720703,0.0012558894231915474,0.00024371221661567688,0.00023024529218673706
2023-05-09 15:55:52.176630,36.787078857421875,30.092737197875977,1011.17626953125,358.70196256887874,126.71906533152087,357.3761401416573,-36.0344352722168,-49.7584342956543,16.98528289794922,0.023274807259440422,-0.04655659571290016,1.0147536993026733,1.1734431609511375e-05,-0.0016137585043907166,-0.0024875402450561523
2023-05-09 15:55:52.254480,36.89618682861328,29.791179656982422,1011.17578125,358.70159694031474,126.71672940682473,357.37635102374793,-35.78147506713867,-49.56562042236328,16.947608947753906,0.022305024787783623,-0.04583292081952095,1.0130478143692017,0.0015067418571561575,0.0017461106181144714,-0.0006209388375282288
2023-05-09 15:55:52.330530,36.91437530517578,30.0311279296875,1011.16943359375,358.70241517563295,126.70783650052536,357.3773467372628,-35.56342697143555,-49.59927749633789,16.86764907836914,0.02400214597582817,-0.04293820634484291,1.01572847366333,-0.0006048735231161118,-0.002158433198928833,0.00019693374633789062
2023-05-09 15:55:52.410748,36.823448181152344,30.93579864501953,1011.172119140625,358.70345016273563,126.68158125335583,357.38515172249345,-35.63920593261719,-49.80257797241211,16.642822265625,0.023517252877354622,-0.04293820634484291,1.0123167037963867,-0.0005944115109741688,0.0008184909820556641,-0.0006675831973552704
2023-05-09 15:55:52.498337,36.823448181152344,31.360570907592773,1011.166015625,358.70592023661595,126.6625250255715,357.39459723378536,-35.905025482177734,-49.6238899230957,16.58089256286621,0.022789916023612022,-0.04703905060887337,1.0130478143692017,-0.0009294296614825726,0.003557272255420685,-0.0018053390085697174
2023-05-09 15:55:52.574730,36.732521057128906,30.6472110748291,1011.153076171875,358.7122327187912,126.65894600644641,357.39360920423326,-35.86621856689453,-49.9119987487793,16.388288497924805,0.022789916023612022,-0.04728027433156967,1.0130478143692017,-0.0009577511809766293,0.0004756934940814972,6.0461461544036865e-05
2023-05-09 15:55:52.657860,36.732521057128906,31.075227737426758,1011.14892578125,358.705247356261,126.63875596725985,357.39215714870437,-35.96001052856445,-49.81985092163086,16.292924880981445,0.02303236350417137,-0.04486801475286484,1.0130478143692017,-0.0006394193042069674,0.0035664401948451996,0.000637248158454895
2023-05-09 15:55:52.741768,36.89618682861328,30.874189376831055,1011.14794921875,358.7134959836225,126.63489008018963,357.39135609558076,-35.926761627197266,-49.688899993896484,16.6796875,0.02375970035791397,-0.04607414826750755,1.0145100355148315,-0.001188348513096571,0.0005192495882511139,0.002146512269973755
2023-05-09 15:55:52.819171,36.84163284301758,30.79312515258789,1011.1474609375,358.7081878594204,126.64926079820333,357.38929700698947,-36.006160736083984,-49.585350036621094,17.052942276000977,0.02303236350417137,-0.04655659571290016,1.0140225887298584,-4.134140908718109e-06,0.00021459907293319702,-0.0008677355945110321
2023-05-09 15:55:52.934029,36.85981750488281,30.637483596801758,1011.146240234375,358.7099583725193,126.64659702442702,357.38653547613063,-35.712425231933594,-49.267154693603516,16.698129653930664,0.02303236350417137,-0.04583292081952095,1.012073040008545,-0.00023989961482584476,0.00021558254957199097,-0.0020369477570056915
2023-05-09 15:55:53.058369,36.89618682861328,30.867704391479492,1011.14453125,358.7064618492728,126.65360479851546,357.38829104819075,-35.69819641113281,-48.78953552246094,16.451417922973633,0.022305024787783623,-0.04607414826750755,1.0132914781570435,0.0009475834667682648,0.00016586855053901672,-0.0008160397410392761
2023-05-09 15:55:53.158426,36.89618682861328,30.95525360107422,1011.13525390625,358.71035420332606,126.66632261075003,357.3904075530598,-35.546363830566406,-49.01591110229492,16.907550811767578,0.022547468543052673,-0.046797823160886765,1.0145100355148315,0.001205363543704152,-0.003087986260652542,0.00015323609113693237
2023-05-09 15:55:53.252135,36.87800216674805,31.188716888427734,1011.12646484375,358.7105614568787,126.64728004334403,357.38901440791255,-35.32315444946289,-49.35499572753906,16.94366455078125,0.023274807259440422,-0.04510924220085144,1.013778805732727,0.0008856039494276047,0.001204896718263626,0.0019995830953121185
2023-05-09 15:55:53.345403,36.91437530517578,30.734760284423828,1011.116943359375,358.7059139400353,126.63473981602789,357.391356735911,-35.6345100402832,-49.749603271484375,16.52200698852539,0.021577686071395874,-0.04703905060887337,1.0132914781570435,-5.290773697197437e-05,0.0005948841571807861,-0.0009413622319698334
2023-05-09 15:55:53.430369,36.93255615234375,30.71530532836914,1011.122802734375,358.70661563525084,126.61934456963868,357.39063017453805,-35.65226745605469,-49.72956085205078,17.04317855834961,0.022547468543052673,-0.04728027433156967,1.01572847366333,-0.0003395616076886654,-0.00026013702154159546,-0.00279037281870842
2023-05-09 15:55:53.518475,36.84163284301758,30.585603713989258,1011.1240234375,358.69897286701297,126.62506826816315,357.3838537731078,-36.078121185302734,-49.41333770751953,17.180850982666016,0.023274807259440422,-0.04631537199020386,1.0147536993026733,-1.2631062418222427e-05,0.0003369078040122986,-0.0024207159876823425
2023-05-09 15:55:53.600423,36.87800216674805,30.926071166992188,1011.123779296875,358.706292375204,126.64371468459728,357.38326829782983,-35.72878646850586,-49.513893127441406,16.944488525390625,0.02303236350417137,-0.04655659571290016,1.0135352611541748,0.0005687754601240158,0.0018566884100437164,0.0017444081604480743
2023-05-09 15:55:53.684186,36.87800216674805,30.8839168548584,1011.128173828125,358.70960672449877,126.63758117472261,357.3811498719701,-35.75560760498047,-49.7430419921875,16.88840103149414,0.021820131689310074,-0.04535046964883804,1.0145100355148315,-0.0006451415829360485,-0.0002673529088497162,0.0005481317639350891
2023-05-09 15:55:53.766202,36.87800216674805,31.03955841064453,1011.129638671875,358.70690986699367,126.60657211589076,357.3818792081074,-35.44762420654297,-49.82304763793945,17.082603454589844,0.022062579169869423,-0.046797823160886765,1.0159721374511719,0.00027289707213640213,0.0024726279079914093,0.0020673684775829315
2023-05-09 15:55:53.850162,36.87800216674805,30.49481201171875,1011.142822265625,358.7114617611887,126.58732464280966,357.38179404418617,-35.638126373291016,-49.884944915771484,17.27928352355957,0.02303236350417137,-0.04607414826750755,1.0149974822998047,0.0002549276687204838,0.0003924034535884857,0.00021929293870925903
2023-05-09 15:55:53.934970,36.87800216674805,31.075227737426758,1011.144287109375,358.7056000714986,126.5702764906413,357.3817573319194,-35.9217529296875,-49.965206146240234,16.667049407958984,0.022789916023612022,-0.04655659571290016,1.0140225887298584,-0.0002930734772235155,-0.0014057569205760956,0.0011107809841632843
2023-05-09 15:55:54.014197,36.805259704589844,31.03307342529297,1011.1484375,358.7005866059261,126.56059128239824,357.3796147869541,-35.63655471801758,-50.14445877075195,16.756006240844727,0.023274807259440422,-0.046797823160886765,1.0132914781570435,-0.0030012833885848522,0.00047338753938674927,-0.0019106045365333557
2023-05-09 15:55:54.094730,36.95074462890625,30.475357055664062,1011.147705078125,358.7000653771151,126.52756048757205,357.3750409080877,-35.59691619873047,-50.05530548095703,17.163923263549805,0.022547468543052673,-0.04728027433156967,1.0130478143692017,-0.0014575673267245293,-0.0007484927773475647,0.002871215343475342
2023-05-09 15:55:54.181377,36.823448181152344,31.4481201171875,1011.145263671875,358.70236106772813,126.50114131586244,357.3764336263482,-35.79608917236328,-50.26583480834961,16.62588119506836,0.022789916023612022,-0.046797823160886765,1.0142662525177002,0.000340435653924942,0.0007378943264484406,0.0016503706574440002
2023-05-09 15:55:54.277045,36.85981750488281,30.786640167236328,1011.147216796875,358.70707037643916,126.48793173000763,357.3755126180273,-35.931129455566406,-50.33666229248047,16.687360763549805,0.023274807259440422,-0.04583292081952095,1.013778805732727,-0.0002680134493857622,0.00069422647356987,-0.0017362050712108612
2023-05-09 15:55:54.358033,36.823448181152344,31.662128448486328,1011.1513671875,358.7089440894276,126.47108848351438,357.3755343892553,-35.863948822021484,-50.4365234375,16.930757522583008,0.021820131689310074,-0.04728027433156967,1.0145100355148315,-0.001121649518609047,-0.0004575215280056,0.0003910437226295471
2023-05-09 15:55:54.437583,36.805259704589844,30.624513626098633,1011.150634765625,358.70440446822874,126.43006636735929,357.3715212262311,-35.61830139160156,-50.48903274536133,17.177217483520508,0.022305024787783623,-0.04559169337153435,1.0130478143692017,0.00011328770779073238,0.00048791617155075073,0.0012648813426494598
2023-05-09 15:55:54.526875,36.768890380859375,30.58884620666504,1011.150390625,358.7075765574897,126.39698093101974,357.37628912515856,-35.14459228515625,-50.39171600341797,17.410978317260742,0.021577686071395874,-0.04583292081952095,1.0132914781570435,0.0009727759752422571,0.00046603381633758545,-0.0017706379294395447
2023-05-09 15:55:54.607730,36.823448181152344,30.86121940612793,1011.159423828125,358.7096509072849,126.35064492769038,357.37730106037276,-35.41928482055664,-50.10121154785156,17.196191787719727,0.023274807259440422,-0.04655659571290016,1.0147536993026733,0.0015990170650184155,0.0010457523167133331,-0.0006071366369724274
2023-05-09 15:55:54.679917,36.84163284301758,30.80933952331543,1011.16845703125,358.71245128484463,126.31885722729314,357.3776152490746,-35.26092529296875,-50.12555694580078,16.689537048339844,0.02375970035791397,-0.04631537199020386,1.0123167037963867,-0.0011440624948590994,-0.001384984701871872,-0.0017685331404209137
2023-05-09 15:55:54.762837,36.87800216674805,30.731517791748047,1011.161865234375,358.71243111444227,126.28702854576088,357.3797230027638,-35.49448013305664,-50.145782470703125,17.27018165588379,0.022789916023612022,-0.04703905060887337,1.0145100355148315,-0.00021712412126362324,0.0013335458934307098,-0.00208142027258873
2023-05-09 15:55:54.839428,36.84163284301758,30.705577850341797,1011.158203125,358.714309416464,126.26817722365165,357.37882910175614,-35.168426513671875,-50.11894226074219,17.01844596862793,0.023274807259440422,-0.04800395295023918,1.0118293762207031,9.311852045357227e-05,-0.0007460266351699829,0.001884806901216507
2023-05-09 15:55:54.910268,36.84163284301758,30.705577850341797,1011.15478515625,358.7118973991916,126.23059752283824,357.376116662882,-35.158966064453125,-50.18938064575195,16.296749114990234,0.02424459159374237,-0.04583292081952095,1.0135352611541748,-0.0008782283402979374,-0.0019638463854789734,-0.001472383737564087
2023-05-09 15:55:54.999898,36.823448181152344,30.8839168548584,1011.156005859375,358.71143177238935,126.20617276636627,357.38232914681896,-35.613059997558594,-50.25221633911133,16.309186935424805,0.022547468543052673,-0.04703905060887337,1.0128040313720703,0.0009543548803776503,0.0007848851382732391,-0.0020826533436775208
